ç”¨æˆ·å,ID,é—®é¢˜,é—®é¢˜é“¾æŽ¥,è¯„è®º,æ—¶é—´,å›žç­”é“¾æŽ¥
" ","82-9-83-82","ä¸ºä»€ä¹ˆå·´å‹’æ–¯å¦äººè¦æ¨ä»¥è‰²åˆ—ï¼Ÿ","https://www.zhihu.com/question/626804607","å®žéš›å·´è”æ–¯å¦äººå¹¶ä¸æ¨ä»¥è‰²åˆ—ã€‚ä»¥è‰²åˆ—9000å¤šä¸‡äººä¸­ï¼Œæœ‰20%å¤šæ˜¯å·´å‹’æ–¯å¦äººã€‚åŠ æ²™ä¹Ÿæœ‰20000å¤šäººåœ¨ä»¥è‰²åˆ—æ‰“å·¥ï¼Œå®¶é‡Œç”Ÿæ´»éƒ½æ¯”è¾ƒå¯Œè£•ã€‚åªæœ‰å“ˆé©¬æ–¯ç­‰ææ€–åˆ†å­æ¨ä»¥è‰²åˆ—ã€‚","2023-10-21 20:37","https://www.zhihu.com/question/626804607/answer/3259075970"
"daryl","DarylL","å·´ä»¥å†²çªï¼Œä¸ºä»€ä¹ˆå¤§å¤šæ•°äººæ”¯æŒå·´å‹’æ–¯å¦?","https://www.zhihu.com/question/459470265","åŠ æ²™åœ°å¸¦æ˜¯ä»¥è‰²åˆ—ä»ŽåŸƒåŠæ‰‹ä¸Šå¤ºå›žæ¥ä¸»åŠ¨æ’¤å†›çš„[é£™æ³ªç¬‘]","2023-10-15 07:52","https://www.zhihu.com/question/459470265/answer/1897224131"
"ç™½è¡£å¿ç›¸","bai-yi-qing-xiang-35-74","å¦‚ä½•çœ‹å¾…å·´ä»¥å†²çªå›½å†…èˆ†è®ºçŽ¯å¢ƒä»Žå¼€å§‹çš„å„æ”¯æŒä¸€åŠï¼Œåˆ°å½»åº•åå‘å·´å‹’æ–¯å¦ï¼Ÿ","https://www.zhihu.com/question/625874807","æ”¶å¤æ•…åœŸæ˜¯æ²¡æœ‰ä¸€ä¸ç‚¹å¯èƒ½æ˜¯äº‹æƒ…ï¼Œåªä¼šå¯¼è‡´ä»‡æ¨å’Œæˆ˜äº‰æ°¸è¿œæŒç»­ä¸‹åŽ»","2023-10-15","https://www.zhihu.com/question/625874807/answer/3249733766"
"cc407","cc407","å·´ä»¥å†²çªï¼Œä¸ºä»€ä¹ˆå¤§å¤šæ•°äººæ”¯æŒå·´å‹’æ–¯å¦?","https://www.zhihu.com/question/459470265","åŽ»è€ƒå¤ä¸‹ é˜¿æ‹‰ä¼¯äººæ‰æ˜¯å“ªå—åœŸåœ°åŽæ¥è€…","2023-02-12 23:57","https://www.zhihu.com/question/459470265/answer/2890285534"
"è–›å®šè°”çš„çŒ«è„š","cha-wu-ci-ren-82-7","å·´ä»¥å†²çªï¼Œä¸ºä»€ä¹ˆå¤§å¤šæ•°äººæ”¯æŒå·´å‹’æ–¯å¦?","https://www.zhihu.com/question/459470265","è°æƒ³æ”¯æŒå·´è°æ”¯æŒåŽ»ï¼Œæˆ‘æ”¯æŒ","2021-05-18 18:05","https://www.zhihu.com/question/459470265/answer/1892990685"
"é™³è€9","chen-lao-9-27","å·´ä»¥å†²çªï¼Œä¸ºä»€ä¹ˆå¤§å¤šæ•°äººæ”¯æŒå·´å‹’æ–¯å¦?","https://www.zhihu.com/question/459470265","æ‹¿å®¶å›­æ¥è¯´äº‹ï¼Ÿä»ŽåŽ†å²ä¸Šçœ‹ï¼ŒçŠ¹å¤ªäººæ‰æ˜¯æ–°æœˆæ²ƒåœŸä¸¤åƒå¤šå¹´å‰æœ€æ—©çš„åŽŸä½æ°‘ã€‚ / å°ç¬¬å®‰äººæœ‰ä»€ä¹ˆç†ç”±ç®—ç¾Žæ´²åŽŸä½æ°‘ï¼ŒçŠ¹å¤ªäººå°±æœ‰åŒæ ·çš„ç†ç”±ç®—è€¶è·¯æ’’å†·åŽŸä½æ°‘â€”â€”éƒ½æŒ‰ç…§æ—¶é—´æ—©æ™šæ¥ç®—ï¼ / æ›´ä½•å†µä»¥è‰²åˆ—å»ºå›½æ˜¯United Nationsçš„å†³å®šï¼Œç›¸å½“äºŽæ³•åº­åˆ¤å†³äº†æˆ¿å­æ˜¯è°å®¶çš„ / æƒ³æƒ³å·´é»Žå’Œä¼šä¸Šä¸­å›½ä»£è¡¨å›¢çš„æ…·æ…¨é™ˆè¯ï¼šä¸­å›½ä¸èƒ½å¤±åŽ»å±±ä¸œï¼Œå°±å¦‚åŒè¥¿æ–¹ä¸èƒ½å¤±åŽ»è€¶è·¯æ’’å†·ä¸€æ ·â€”â€”ä¸€å¥è¯æ¦‚æ‹¬äº†è€¶è·¯æ’’å†·å¯¹äºŽçŠ¹å¤ªäººçš„å®¶å›­æ„ä¹‰ã€‚","2022-05-25","https://www.zhihu.com/question/459470265/answer/1899079678"
"é«˜æ¢µ","gao-fan-29-26","å·´ä»¥å†²çªï¼Œä¸ºä»€ä¹ˆå¤§å¤šæ•°äººæ”¯æŒå·´å‹’æ–¯å¦?","https://www.zhihu.com/question/459470265","ä½ ä»¬ä»¥ä¸ºä½ ä»¬åœ¨æ”¯æŒå·´å‹’æ–¯å¦ï¼ŒçœŸçš„æ˜¯ä½ ä»¬ä»¥ä¸ºçš„å—ï¼Ÿ  ä¸è¿‡æ˜¯æŸç§å¼ºåŠ›åœ¨å¼•å¯¼ä½ ä»¬æ”¯æŒå·´å‹’æ–¯å¦ã€‚  åŒæ ·éƒ½æ˜¯ä»¥å¼ºå‡Œå¼±ã€‚  é”¡é‡‘è¢«å°åº¦åžå¹¶ï¼Œæ€Žä¹ˆä¸è§å¾—ä½ ä»¬æ”¯æŒé”¡é‡‘ï¼Œå¼ºçƒˆæŠ—è®®å°åº¦å‘¢ï¼Ÿ  ä¿„ç½—æ–¯åžå¹¶å”åŠªä¹Œæ¢æµ·ï¼Œæ€Žä¹ˆä¸è§å¾—ä½ ä»¬æŠ—è®®ä¿„ç½—æ–¯å‘¢ï¼Ÿ  ä¿„ç½—æ–¯ä¾µå å…‹é‡Œç±³äºšï¼Œæ€Žä¹ˆä¸è§ä½ ä»¬æŠ—è®®ä¿„ç½—æ–¯å‘¢ï¼Ÿ  å€’æ˜¯ç½‘æ°‘ä»¬å˜²è®½ä¹Œå…‹å…°çš„å¾ˆå¤šã€‚  æ‰€ä»¥è¯´ï¼Œå¾ˆå¤§ç¨‹åº¦ä¸Šéƒ½æ˜¯è¢«åˆ»æ„å¼•å¯¼çš„ç»“æžœã€‚","2021-05-21 06:38","https://www.zhihu.com/question/459470265/answer/1897224131"
"hhh","hhh-47-17-38","ä¸ºä»€ä¹ˆè¿™ä¹ˆå¤šäººè®¨åŽŒä»¥è‰²åˆ—ï¼Ÿ","https://www.zhihu.com/question/301813430","å¯æ˜¯ä½ çš„è¿™äº›æ‰€è°“äº‹å®žæœ‰æ²¡æœ‰è®ºæ®æ”¯æŒå‘¢ï¼Ÿ / æ‰€ä»¥å‘¢çœŸå°±æ²¡æœ‰ä»»ä½•å¾é›†å‘é»‘ä¸æ˜¯ä½ è¿™æ–‡ç« æˆ‘èµ·ç è§è¿‡ä¸¤ä¸ªä¸€æ¯›ä¸€æ · / æ‰€ä»¥å‘¢ï¼Ÿåªéœ€ä½ è¯´ä¸è®¸è´¨ç–‘æ¥¼ / æ‰€ä»¥è¯´çŽ°åœ¨é€ è°£éžå¸¸å»‰ä»· / åˆ«çš„ä¸è¯´å°±çŠ¹å¤ªäººåœ¨ä¸Šæµ·è´©æ¯’ï¼Œæ”¾é«˜åˆ©è´·ï¼Œä¸æ˜¯å¤§é‡çŠ¹å¤ªéš¾æ°‘éƒ½æ²¡é’±åŠæ—¶æœ‰æ”¾çš„åˆåˆå‡ å®¶ï¼Ÿç”¨è¿™ä¸¤ç§æƒ…å†µä»£æ›¿çŠ¹å¤ªäººæ²¡æ„æ€ï¼Œè´©æ¯’æ²¡æ‰¾åˆ°èµ„æ–™è¯·æä¾› / å½“æ—¶ä¸­å›½åœŸçƒŸå°±å·²ç»æˆäº†ä¸­å›½ä¸»è¦é¸¦ç‰‡äº† / è®©å­ŸåŠ æ‹‰äººç§é¸¦ç‰‡æ˜¯æ²™è®­å®¶æ—å‘µå‘µä¸œå°åº¦å…¬å¸å°±è¿™ä¹ˆæ²¡ç”¨æŽ’é¢ï¼ŒæŠŠæ‰€æœ‰è´£ä»»æ‰”åˆ°çŠ¹å¤ªèº«ä¸Šæ²¡æ„æ€ / è€Œä¸”æ²™é€Šåœ¨å­ŸåŠ æ‹‰ï¼Œå­Ÿä¹°åœ¨å­ŸåŠ æ‹‰æˆ‘å§‘ä¸”è’™åœ¨é¼“é‡Œï¼Œè€Œä¸”æ²™é€Šç»å¯¹ä¸æ˜¯æœ€æ—©çš„ï¼Œä»–åªæ˜¯è·Ÿé£Žï¼Œè™½ç„¶ç¼ºå¾·ä½†æ˜¯è¯´ä»–å¼€å¯äº†é¸¦ç‰‡æˆ˜äº‰åŸºæœ¬å°±æ˜¯é€ è°£ï¼Œä½ çœŸä»¥ä¸ºé¸¦ç‰‡æˆ˜äº‰æ˜¯çœŸçš„å› ä¸ºé¸¦ç‰‡ / è€Œä¸”ä½ è¿™äº›ä¿¡æ¯éƒ½æ˜¯é‚£æ¥çš„ç»™æˆ‘çœ‹ä¸€ä¸‹æˆ‘éƒ½æ‰¾å‡ºé‚£ä¹ˆå¤šé”™è¯¯è‡³äºŽå…¶ä»–çš„æˆ‘æœ‰ç©ºåœ¨æŸ¥ / ç¬¬ä¸‰æ±‡ä¸°æ˜¯è‹æ ¼å…°äººå¥çš„ / æ²™é€ŠçŽ‹æœæˆ‘çŸ¥é“æˆ‘æƒ³è¦çš„æ˜¯é“¾æŽ¥ / å‡ºå·®æä¾›ä¸€ä¸‹ / è°å…³æ³¨çŠ¹å¤ªäººè´©æ¯’æˆ‘åˆä¸æ˜¯ä¸çŸ¥é“æˆ‘åªæ˜¯åƒçŸ¥é“é“¾æŽ¥åœ¨å“ªçŽ©çœ‹çœ‹åˆ«å‘Šè¯‰æˆ‘å‡ æœ¬ä¹¦ä½ éƒ½æ²¡æœ‰ / ä¸å¥½æ„æ€ä½ å°±æ˜¯æœ‰é”™è¯¯æˆ‘è¯´äº†ä½ è¿˜ä¸ä¹æ„äº† / æˆ‘æ˜¯æƒ³è¦æ–‡ç« é“¾æŽ¥ / å°±æ˜¯ä½ çœ‹çš„é‚£ä¸ªæ–‡ç« è‡³äºŽå…¶ä»–èµ„æ–™æˆ‘è‡ªå·±æ‰¾ï¼Œ / åå­—ä¹Ÿè¡Œ / åæ­£ä¸Šæµ·çš„çŠ¹å¤ªéš¾æ°‘æ²¡æœ‰ï¼Œåœ¨æŠ—æ—¥æˆ˜äº‰æ—¶æœŸä¸Šæµ·çš„å¤–å›½é¸¦ç‰‡æ—©å°±ç¤ºå¾®äº†ï¼Œä»–ä»¬æœ‰çŠ¹å¤ªäººä½†æ˜¯å’Œéš¾æ°‘æœ‰ä½•å…³ç³»ï¼Ÿè¿˜æœ‰å“ˆå°”æ»¨çŠ¹å¤ªå›½çš„ä¸»é¢˜æ˜¯ä¼ªæ»¡æ´²è¿‡å’Œå“ˆå°”æ»¨çš„çŠ¹å¤ªäººå’Œä¸Šæµ·çš„éš¾æ°‘æ˜¯ä¸¤æ‹¨äººï¼Œä»–ä»¬ä¹Ÿåªæ˜¯ä¸ºäº†ç”Ÿå­˜å’Œæ—¥æœ¬äººåˆä½œä½ æ€»ä¸èƒ½æŒ‡æœ›ä»–ä»¬ä¸ºäº†ä¸€ä¸ªå´©æºƒçš„å›½å®¶æ‹¼å‘½å§ / æˆ‘åœ¨è¯´å…¶ä»–é—®é¢˜ä¸ŠçŠ¹å¤ªäººå¦‚ä½•å¦‚ä½•ï¼Œä½ æ‰¯ä»¥è‰²åˆ—é©±é€ä¸­å›½æ¸¸å®¢çš„é—®é¢˜ã€‚å’±ä»¬è¯´çš„ä¸æ˜¯ä¸€ä¸ªäº‹ä½ è¯´è¿™äº›ä¸å½±å“æˆ‘çš„è¯ã€‚ è€Œä¸”åœ¨ç–«æƒ…æœŸé—´é©±é€æœ‰å¯èƒ½å¸¦æœ‰æ–°å† çš„äººè™½ç„¶è¿‡äºŽç²—æš´æ®‹é…·ä½†æ˜¯ä¹Ÿå¤Ÿä¸ä¸Šå˜´å¤§çš„ææ€–ä¸»ä¹‰ / è¯„è®ºå’‹è¢«åžäº†ï¼Ÿ","2021-05-22","https://www.zhihu.com/question/301813430/answer/1895645940"
"åˆ˜æŸ","ly8531","ä¸€å¥è¯ï¼Œä»¥è‰²åˆ—æ˜¯ä¸æ˜¯ä¾µç•¥ï¼Ÿ","https://www.zhihu.com/question/625438724","ä¸€å¥è¯ï¼Œä¸æ˜¯ã€‚  æˆ‘ä»¬æ¥çœ‹çœ‹ä»¥è‰²åˆ—å¦‚ä»Šçš„é¢†åœŸæ˜¯å¦‚ä½•å½¢æˆçš„ã€‚  ä»¥è‰²åˆ—å»ºå›½å‰ï¼Œå·´å‹’æ–¯å¦åœ°åŒºæ˜¯è‹±å›½ä»Žå¥¥æ–¯æ›¼å¸å›½æ‰‹é‡ŒæŠ¢æ¥çš„æ®–æ°‘åœ°ï¼Œè¿™é‡Œé•¿æœŸç”Ÿæ´»ç€å¾ˆå¤šæ°‘æ—ï¼Œäººæ•°è¾ƒå¤šçš„å°±æ˜¯é˜¿æ‹‰ä¼¯å’ŒçŠ¹å¤ªä¸¤ä¸ªï¼ŒåŽæ¥è‹±å›½æŠŠè¿™ä¸ªåœ°åŒºäº¤ç»™è”åˆå›½å¤„ç†ã€‚  è”åˆå›½å‡ºäº†ä¸ª181å·å†³è®®ï¼Œè®©è¿™å—åœŸåœ°ä¸Šçš„ä¸¤ä¸ªä¸»è¦æ°‘æ—ï¼Œé˜¿æ‹‰ä¼¯äººå’ŒçŠ¹å¤ªäººåˆ†åˆ«å»ºå›½ï¼Œå¹¶å¤§è‡´åˆ’å‡ºäº†åŒæ–¹çš„é¢†åœŸèŒƒå›´ã€‚é˜¿æ‹‰ä¼¯å›½å®¶é›†ä½“è¡¨ç¤ºåå¯¹ï¼Œè¿™é‡Œè¦ç‰¹åˆ«æ³¨æ„ï¼Œæ‹’ç»181å·å†³è®®çš„å¯ä¸æ˜¯å½“åœ°é˜¿æ‹‰ä¼¯å±…æ°‘ï¼Œæ˜¯å‘¨è¾¹å›½å®¶ï¼Œå°½ç®¡å®ƒä»¬çš„ä¸»ä½“æ°‘æ—ä¹Ÿæ˜¯é˜¿æ‹‰ä¼¯äººï¼Œä½†å®ƒä»¬å¹¶æ²¡èµ„æ ¼ä»£è¡¨å½“åœ°é˜¿æ‹‰ä¼¯äººè¡¨æ€ï¼Œåœ¨è¿™ä¸ªå†³è®®ä¸­ï¼Œå®ƒä»¬çš„åœ°ä½å’Œå…¶ä»–å›½å®¶æ²¡æœ‰ä»€ä¹ˆåŒºåˆ«ï¼Œä¹Ÿåªèƒ½æ˜¯ä¸€å›½ä¸€ç¥¨ã€‚è‡³äºŽå½“åœ°é˜¿æ‹‰ä¼¯äººï¼Ÿä»–ä»¬å½“æ—¶ï¼ˆææ€•çŽ°åœ¨ä¹Ÿæ˜¯ï¼‰æ ¹æœ¬å°±æ²¡æœ‰ä¸€ä¸ªè¯´äº†å°±ç®—çš„æ˜Žç¡®çš„ä»£è¡¨æœºæž„ï¼Œä¹Ÿå°±æ ¹æœ¬æ²¡æ³•è¡¨è¾¾æ„è§ã€‚  çŠ¹å¤ªäººæŽ¥å—äº†è”åˆå›½å†³è®®ï¼Œå»ºç«‹äº†ä»¥è‰²åˆ—ï¼Œç»“æžœä»¥è‰²åˆ—å»ºå›½ç¬¬äºŒå¤©ï¼Œé˜¿æ‹‰ä¼¯è”ç›Ÿå¤§å†›åŽ‹å¢ƒï¼Œå‡ ä¹Žæ”»å äº†æ•´ä¸ªå·´å‹’æ–¯å¦åœ°åŒºï¼Œé‚£ä¹ˆå®ƒä»¬æ‰¶æ¤å½“åœ°é˜¿æ‹‰ä¼¯å…„å¼Ÿå»ºå›½äº†å—ï¼Ÿæ²¡æœ‰ï¼Œå®ƒä»¬è¦çš„æ˜¯ç“œåˆ†æ•´ä¸ªåœ°åŒºï¼Œç”šè‡³åœ¨ä»¥è‰²åˆ—äººåŽ‰å…µç§£é©¬çš„å››å‘¨åœç«æœŸå†…ï¼Œå®ƒä»¬éƒ½åœ¨ä¸ºåˆ†èµƒäº‰åµä¸ä¼‘ã€‚  åŽæ¥çš„äº‹æƒ…å¤§å®¶éƒ½æ¸…æ¥šï¼Œå››æ¬¡ä¸­ä¸œæˆ˜äº‰ï¼Œä»¥è‰²åˆ—è¶Šæ‰“è¶Šå¤§ï¼Œé˜¿æ‹‰ä¼¯äººå±¡æˆ˜å±¡è´¥ï¼Œæœ€ç»ˆé˜¿æ‹‰ä¼¯è”ç›Ÿçš„ç›Ÿä¸»åŸƒåŠè¢«æ‰“æœï¼Œè”ç›Ÿè¢«æ‰“æ•£ã€‚åœ¨è¿™ä¸ªè¿‡ç¨‹ä¸­ï¼Œä»¥è‰²åˆ—æ‰å®Œå…¨æŽ§åˆ¶äº†å·´å‹’æ–¯å¦åœ°åŒºã€‚  ä»Žè¿™ä¸ªåŽ†å²å°±èƒ½çœ‹å‡ºæ¥ï¼Œä»¥è‰²åˆ—åœ¨å·´å‹’æ–¯å¦åœ°åŒºå»ºå›½æ˜¯æ­£å½“çš„ï¼Œå®ƒä¸€å¼€å§‹ä¹Ÿæ²¡æœ‰æƒ³ç‹¬å è¿™ä¸ªåœ°åŒºçš„æ„æ€ï¼Œæ˜¯åœ¨åŽ†æ¬¡åä¾µç•¥æˆ˜äº‰ä¸­æ‰é€æ¸ä»Žä¾µç•¥è€…æ‰‹ä¸­å¤ºå¾—äº†çŽ°åœ¨çš„æŽ§åˆ¶åŒºã€‚  å†æ¥çœ‹çœ‹å‘¨è¾¹çš„é˜¿æ‹‰ä¼¯äººï¼Œåœ¨è¿˜æœ‰ç­æŽ‰ä»¥è‰²åˆ—ï¼Œç“œåˆ†å·´å‹’æ–¯å¦åœ°åŒºçš„å¿µæƒ³çš„æ—¶å€™ï¼Œé˜¿æ‹‰ä¼¯è”ç›Ÿå®Œå…¨æ²¡æœ‰å¯¹å·´å‹’æ–¯å¦é˜¿æ‹‰ä¼¯äººç‹¬ç«‹å»ºå›½è¿›è¡Œè¿‡ä»»ä½•æ”¯æŒï¼Œç”šè‡³è¿žå§¿æ€æ ·å­éƒ½æ²¡åšè¿‡ï¼Œèƒ½æ‰“ä¸‹ä¸€å—åœ°å°±è‡ªå·±å…ˆå äº†å†è¯´ã€‚ç›´åˆ°å¿ƒçŸ¥ç­äº¡ä»¥è‰²åˆ—æ— æœ›ï¼Œä¸å¾—ä¸ä¸Žä¹‹å’Œå¹³å…±å¤„ï¼Œæ‰å°†å·´å‹’æ–¯å¦è¿™ä¸ªåå¤´æŠ¬å‡ºæ¥ï¼Œæ‰¶æ¤è¿™ä¸ªå®ƒä»¬ä»Žæ¥éƒ½æ²¡æ”¾åœ¨çœ¼é‡Œçš„è§£æ”¾ç»„ç»‡ã€‚  æ‰€ä»¥ï¼Œä»¥è‰²åˆ—æ ¹æœ¬ä¸æ˜¯ä¾µç•¥è€…ï¼ŒåŸƒåŠã€å™åˆ©äºšã€çº¦æ—¦ç­‰å›½æ‰æ›¾ç»æ˜¯ä¾µç•¥è€…ã€‚æ‰€è°“â€œå·´å‹’æ–¯å¦å›½â€çŽ°åœ¨èƒ½æˆä¸ºæœ‰ä¸€ä¸ªä¸€å®šå®žæŽ§åŒºåŸŸçš„å‡†å›½å®¶ï¼Œå¯ä»¥è¯´å®Œå…¨é ä»¥è‰²åˆ—æŠŠä»Žä¾µç•¥è€…æ‰‹ä¸­å¤ºå›žçš„éƒ¨åˆ†é¢†åœŸè®©ç»™å®ƒã€‚","2023-10-12 14:58","https://www.zhihu.com/question/625438724/answer/3246941555"
"äºŒåå››å‘é£Ž","makubex-84","å·´ä»¥å†²çªï¼Œä¸ºä»€ä¹ˆå¤§å¤šæ•°äººæ”¯æŒå·´å‹’æ–¯å¦?","https://www.zhihu.com/question/459470265","å·´å‹’æ–¯å¦åœ°åŒºåŽ†å²ä¸Šæ›¾ç»è¢«å¾ˆå¤šå›½å®¶å’Œæ°‘æ—å é¢†è¿‡,çŽ°åœ¨åªå‰©ä¸‹çŠ¹å¤ªäººå’Œé˜¿æ‹‰ä¼¯äººäº†ï¼Œé˜¿æ‹‰ä¼¯äººéƒ½å¹²äº†å•¥ä½ çœŸä¸çŸ¥é“å—ï¼ŸðŸ¤·â€â™‚ï¸","2021-05-23","https://www.zhihu.com/question/459470265/answer/1899079678"
"èƒ–è€æ²ˆ","pang-lao-chen-68","å·´å‹’æ–¯å¦èµ¢å¾—è¿™æ¬¡å†²çªçš„å¯èƒ½æ€§æœ‰å¤šå¤§ï¼Ÿ","https://www.zhihu.com/question/625389444","å‡ ä¹Žæœªé›¶ã€‚  å¯ä»¥é¢„è§ï¼Œç»§ä¿„ä¹Œå†²çªé‡æ³¨ä¿„ç½—æ–¯ä¹‹åŽï¼Œæˆ‘æ–¹å°†åˆä¸€æ¬¡æŠ¼é”™å®ã€‚","2023-10-16 15:40","https://www.zhihu.com/question/625389444/answer/3252012388"
"æ™®é€šäººå£«","pu-tong-ren-shi-22","åŠ æ²™æŸåŒ»é™¢é­ä»¥è‰²åˆ—ç©ºè¢­ï¼Œæ®ç§°è‡³å°‘500äººæ­»äº¡ï¼Œå¤§å®¶å¦‚ä½•çœ‹å¾…æ­¤äº‹ï¼Ÿ","https://www.zhihu.com/question/626637904","é‚£äº›å£å£å£°å£°è¯´è´¨ç–‘å“ˆé©¬æ–¯å°±æ˜¯ç»™ä»¥è‰²åˆ—æ´—åœ°çš„,èƒ½ä¸èƒ½å…ˆè§£é‡Šä¸€ä¸‹ï¼Œå“ˆé©¬æ–¯æ˜¯æ€Žä¹ˆç»™åŒ»é™¢æ´—åœ°çš„?æ‹¥æŒ¤çš„åŒ»é™¢,æ··ä¹±çš„ç»„ç»‡,æ¼†é»‘çš„çŽ¯å¢ƒ,ææ…Œçš„äººç¾¤ï¼Œä¸€åƒå¤šæ­»ä¼¤ä»ŽåŠå¤œåˆ°å‡Œæ™¨,æ²¡ç•™ä¸‹ä¸€å…·å°¸é¦–ï¼Œä¸€å—æ®‹éª°ï¼Œä¸€å¤„è¡€è¿¹å¦‚æ­¤é«˜æ•ˆçš„æ¸…ç†,å´æ‹¿ä¸å‡ºå“ªæ€•ä¸€ç™¾å…·è¯æ®æ¥å¼€ä¸ªå‘å¸ƒä¼šä»¥è‰²åˆ—çš„ç‚¸å¼¹èƒ½æŠŠäººé€åŽ»äºŒæ¬¡å…ƒ~?","2023-10-19 00:18","https://www.zhihu.com/question/626637904/answer/3255420554"
"qanjuju","qanjuiu","ä¸ºä»€ä¹ˆè¿™ä¹ˆå¤šäººè®¨åŽŒä»¥è‰²åˆ—ï¼Ÿ","https://www.zhihu.com/question/301813430","â€œä»¥è‰²åˆ—å¯¹å·´åŸºæ–¯å¦å¹³æ°‘çš„å± æ€è¿˜å°‘å—ï¼Ÿâ€å½“ç„¶å°‘ï¼Œå‡ ä¹Žæ²¡æœ‰ã€‚è´é²ç‰¹é‡Œæ²¡æœ‰å·´åŸºæ–¯å¦äººè¢«æ€ï¼Œåªæœ‰å·´å‹’æ–¯å¦ä¾µç•¥è€…è¢«é»Žå·´å«©äººæ°‘å›´æ­¼ã€‚ç¥è´ºé»Žå·´å«©ä¿å®¶å«å›½å–å¾—è´é²ç‰¹å¤§æ·ã€‚é•¿æžªå…šæ˜¯é»Žå·´å«©äººï¼Œäººå®¶åœ¨è‡ªå·²çš„åœŸåœ°ä¸Šæ€å¤–å›½ä¾µç•¥è€…ï¼Œæ²¡æ¯›ç—…ã€‚å¦‚æžœè¿™æ ·ä¸å¯ä»¥ï¼Œé‚£ä¹ˆå·´å‹’æ–¯å¦æœ‰ä»€ä¹ˆèµ„æ ¼æŒ‡è´£ä»¥è‰²åˆ—ä¾µç•¥å‘¢ï¼Ÿæ‰€è°“æ°å®éš¾æ°‘è¥å± æ€ï¼Œæ­»äº†å‡ åä¸ªäººï¼Œå¤§å¤šæ•°è¿˜æ˜¯ææ€–åˆ†å­ï¼Œç»™å¹æˆäº†ä¸‰åƒï¼Œè”åˆå›½è°ƒæŸ¥åŽæ­¤è°Žè¨€ç ´äº§ã€‚å½“ç„¶ï¼Œå·´å‹’æ–¯å¦æˆç²¾ä»¬å°±é å–æƒ¨æ¥éª—åŒæƒ…éª—æ´åŠ©è¿‡æ´»äº†ã€‚   è¯´åœ¨æ‘„åƒæœºé¢å‰ï¼Œä»¥å†›çš„å…‹åˆ¶æ˜¯ä½œç§€ï¼Œé‚£ä¹ˆä¸ºä»€ä¹ˆå·´å‹’æ–¯å¦äººä¸ä½œç§€å‘¢ï¼Ÿå·´å‹’æ–¯å¦äººåœ¨æ‘„åƒæœºé¢å‰éƒ½æ‡’å¾—å…‹åˆ¶ï¼Œè¯æ˜Žä»–ä»¬å¹³æ—¶æ˜¯å¤šä¹ˆåœ°å‡¶æ®‹ã€‚äº‹å®žä¸Šä¹Ÿæ˜¯å¦‚æ­¤ï¼Œå·´å‹’æ–¯å¦ä¸æ”»å‡»å¹³æ°‘å—ï¼Ÿä¼—æ‰€å‘¨çŸ¥ä»–ä»¬æœ€å–œæ¬¢æ€å®³å¹³æ°‘ã€‚æ‰€ä»¥æœºæžªæ‰«å°„å·´å‹’æ–¯å¦å¹³æ°‘ä¹Ÿä¸ç®—è¿‡åˆ†ï¼Œè¿™æ˜¯å…¬å¹³ã€‚ä½ åšå¸åˆä¸€ï¼Œæˆ‘åšåäº”ã€‚ä½•å†µä»¥è‰²åˆ—æ²¡è¿™ä¹ˆåšï¼Œå¦åˆ™å·´å‹’æ–¯å¦å¦‡å¥³å„¿ç«¥è‚‰ç›¾å“ªæœ‰è¿™ä¹ˆåš£å¼ ã€‚   è¯´ææ€–è¢­å‡»æ˜¯çŠ¹å¤ªäººå‘æ˜Žçš„ï¼Œé‚£åˆæ€Žä¹ˆæ ·ã€‚é”¯å­è¿˜é²ç­å‘æ˜Žçš„ï¼Œç”µé”¯ç‹‚äººè¿˜èƒ½æ€ªåˆ°é²ç­å¤´ä¸Šï¼Ÿå·´å‹’æ–¯å¦æ•¢åœ¨ä»¥è‰²åˆ—é¢å‰ç­é—¨å¼„æ–§ï¼Œå¯è§ä»¥è‰²åˆ—é²ç­ä»¬å¤šä¹ˆå…‹åˆ¶ã€‚å¦‚æžœä»¥è‰²åˆ—è±¡å·´å‹’æ–¯å¦ä¸€æ ·æ”¾å¼€äº†å± æ€ï¼Œå“ªæœ‰è¿™äº›æˆç²¾çš„è¡¨æ¼”ç©ºé—´ï¼Ÿ / æˆ‘æŠŠä½ æ‰“å‡ºåŽ»äº†ï¼Œä½ çš„æˆ¿å­èµ”ç»™æˆ‘ï¼Œæˆ‘è¿˜ç»™ä½ ç•™äº†ä¸€å°é—´ï¼Œæˆ‘æ¯”ä½ æ›´åŠ æ–‡æ˜Žä¸€ç‚¹ç‚¹ã€‚ / å¯¹äºŽä¾µå è‡ªå·±å®¶å›­çš„ä¾µç•¥è€…ï¼Œè¢«ä¾µè€…è¿žåæŠ—çš„æƒåŠ›éƒ½æ²¡æœ‰äº†ï¼Ÿé»Žå·´å«©äººæ°‘åœ¨è‡ªå·²çš„å›½åœŸä¸Šæ¶ˆç­å·´å‹’æ–¯å¦ä¾µç•¥è€…ï¼Œæœ‰ä»€ä¹ˆé—®é¢˜ã€‚  å¦‚æžœå·´å‹’æ–¯å¦æœ‰åŒæ ·çš„èƒ½åŠ›ï¼Œä»–ä»¬çš„å£å·å·²ç»å–Šå‡ºæ¥äº†ï¼Œè¦æŠŠä»¥è‰²åˆ—èµ¶ä¸‹æµ·ã€‚çŽ°åœ¨ä»¥è‰²åˆ—æ²¡æœ‰æŠŠå·´å‹’æ–¯å¦æ‰”è¿›æµ·é‡Œï¼Œæ¯”å·´å‹’æ–¯å¦å®¢æ°”å¤šäº†ã€‚  ä¸ºä»€ä¹ˆè¦é—®åŠä¸ªä¸–çºªå‰ï¼Ÿä¸ºä»€ä¹ˆåŽ†å²å¿…é¡»åœç•™åœ¨åŠä¸ªä¸–çºªå‰ï¼Ÿä½ è¦å€’é€€ï¼Œä¸ºä»€ä¹ˆä¸é€€åˆ°é˜¿æ‹‰ä¼¯åœ¨è¿™åœ°æ–¹å‡ºçŽ°ä¹‹å‰ï¼Ÿè¦è¯´ä¾µå ï¼Œä¸­ä¸œä»¥å¤–çš„é˜¿æ‹‰ä¼¯äººå…¨æ˜¯ä¾µå è€…ï¼Œç¼…ç”¸ æ¶ˆç­ç½—å…´äºšäººï¼Œæ˜¯åä¾µå å§ã€‚ / æŠ—æ—¥å‰§é‡Œçš„é¾Ÿç”°å°é˜Ÿé•¿çš„å¹¿å²›å®¶äººè¢«ç¾Žå†›æ€å…‰äº†ï¼Œæœ‰åä¸‡å¦‡å¥³å„¿ç«¥æ®‰è‘¬ã€‚è¢«æ²™é¾™å®°æ€çš„å…«åå¤šåæ‰‹æ— å¯¸é“çš„ææ€–ä¸»ä¹‰å­å®«ç”Ÿäº§çº¿å°±æ˜¯å¹¿å²›äººçš„è§’è‰² / ç™½å·¦åª’å§ï¼Ÿå®ƒä»¬ä¹Ÿæ˜¯è¿™ä¹ˆæŠ¥é“æˆ‘ä»¬çš„  å¦‚ä½•çœ‹å¾…BBCåœ¨æ— è¯æ®çš„æƒ…å†µä¸‹ï¼Œç§°ã€Œå¤§é‡ç»´å¾å°”æ—å¥³æ€§é­åˆ°äº†é›†ä½“æ€§ä¾µå’Œé…·åˆ‘ã€ï¼Ÿ / é˜¿æ‹‰ä¼¯äººè¢«æ€ä¹Ÿä¸æ˜¯æ²¡ç†ç”±çš„ã€‚ / é‚£äº›å­©å­ä¸ºä»€ä¹ˆè¦æ‰“é‚£è¾†å¦å…‹ï¼Œå› ä¸ºä»–ä»¬çŸ¥é“å¦å…‹ä¸ä¼šå¼€ç«ï¼Œç ¸å¦å…‹å®‰å…¨ã€‚ä½œç§€è€Œå·²ã€‚å·´å‹’æ–¯å¦äººä¹Ÿè·Ÿçº¦æ—¦å†›é˜Ÿé»Žå·´å«©å†›é˜Ÿä½œæˆ˜è¿‡ï¼Œä»Žæ¥ä¸æ•¢æ´¾å„¿ç«¥åŽ»ç ¸å¦å…‹çš„ã€‚ã€‚","2018-12-21","https://www.zhihu.com/question/301813430/answer/556332371"
"ç¾Žå¤•","qing-er-19-28","ä¸ºä»€ä¹ˆè¿™ä¹ˆå¤šäººè®¨åŽŒä»¥è‰²åˆ—ï¼Ÿ","https://www.zhihu.com/question/301813430","ä»¥è‰²åˆ—æ°¸å­˜ / ç„¡è«–ç¾ä»£é‚„æ˜¯å¤ä»£(>_<) / ä¸æœƒ / å¥½å¯æ€• / å“ªæœ‰é‚£éº¼å¤šå¦‚æžœ? / (>_<) / èˆ‡ä½ ç„¡é—œ / æ²’æœ‰å‘€ / ä½ çš„åå­—åš‡äº†æˆ‘ä¸€è·³(>_<)ï¼Œæˆ‘å¥‡æ€ªå·²ç¶“è¨»éŠ·çš„ç”¨æˆ¶æ€Žéº¼é‚„èƒ½å›žå¾©å‘¢ / â•®(â•¯â–½â•°)â•­","2018-12-14","https://www.zhihu.com/question/301813430/answer/1889628495"
"realmadrid","realmadrid-93","ä¸€å¥è¯ï¼Œä»¥è‰²åˆ—æ˜¯ä¸æ˜¯ä¾µç•¥ï¼Ÿ","https://www.zhihu.com/question/625438724","ä½ ä»Žå“ªå¬æ¥çš„ä»¥è‰²åˆ—å…¨æ°‘çš†å…µï¼Œä»¥è‰²åˆ—å®˜æ–¹å®£å¸ƒçš„å—","2023-10-13","https://www.zhihu.com/question/625438724/answer/3247249037"
"çŽ‹è¿žæˆçŸ¥ä¹Žå§œå¤ªå…¬","ren-jian-chu-shi-ren","ä¸ºä»€ä¹ˆè¿™ä¹ˆå¤šäººè®¨åŽŒä»¥è‰²åˆ—ï¼Ÿ","https://www.zhihu.com/question/301813430","é©¬äº‘éƒ½æ˜¯è¿™ä¹ˆå¹²çš„ / åˆ«å¸¦æœ‰è‰²çœ¼ç›çœ‹èµ„æœ¬å®¶ï¼Œä½ çš„éŸ­èœæ—©å°±è¢«å›½å†…èµ„æœ¬å‰²å®Œäº† / èµ„æœ¬å®¶ä»¬å¤ºå–åˆ©ç›Šçš„æ‰‹æ®µéƒ½æ˜¯ä¸€æ ·çš„ï¼Œé©¬äº‘æ˜¯åˆ©ç”¨åœ°åŸŸä¿¡æ¯çš„æ¬ ç¼ºï¼Œè¿›è¡Œå•†åŠ¡ä¹°å–ï¼Œæ·˜å®ï¼Œäº¬ä¸œï¼Œè¿˜æœ‰æ‹¼å¤šå¤šéƒ½æ˜¯è¿™ä¹ˆåšçš„ / çŸ¥é“ä¸ºä»€ä¹ˆä½ åªæ•¢æ€¼ä»¥è‰²åˆ—ï¼Œè€Œä¸”è¿˜æ˜¯ç”¨é”®ç›˜ï¼Œå´ä¸æ•¢æ€¼å›½å†…èµ„æœ¬å®¶å—ï¼Ÿå› ä¸ºæ°‘æ—ä¸»ä¹‰ï¼Œè®©ä½ ä»¬æ›´å®¹æ˜“æ¨åˆ«äººï¼Œå´ä¸æ•¢é¢å¯¹è‡ªå·±å›½å®¶åŽ‹æ¦¨ä½ ä»¬çš„é˜¶çº§ï¼Œè€ŒåŽ‹æ¦¨ä½ ä»¬é˜¶çº§ä¹Ÿå¸Œæœ›ä½ ä»¬çŸ›ç›¾å¤–ç§»ï¼Œä»‡è§†ç€è·Ÿä½ å…«ç«¿å­æ‰“ä¸åˆ°ä¸€å—å„¿ï¼Œéš”åƒå±±ä¸‡æ°´çš„æ•Œäººï¼Œå®žé™…ä¸Šä½ ä»¬å°±æ˜¯ä¸€ç¾¤è¢«æ•´ä½“çš„è‡ªå·±äººå‰²å®Œäº†éŸ­èœï¼Œå´å®¹ä¸å¾—å›½é™…ä¸Šçš„åˆ«äººå‰²æ•´ä½“çš„éŸ­èœï¼Œå¸®åŠ©æ•´ä½“å£°è®¨æ•´ä½“ä¹‹å¤–çš„èµ„æœ¬ï¼Œç»§ç»­ä¾›å…»ç€æ•´ä½“å†…çš„èµ„æœ¬ï¼Œä»»åŠ³ä»»æ€¨ / å®žé™…ä¸Šè¿˜æ˜¯ä½ ä»¬æ²¡ç”¨å•Šï¼è¿™å°±æ˜¯æœ€åº•å±‚äººçš„æ‚²å“€","2020-07-23","https://www.zhihu.com/question/301813430/answer/556332371"
"ç”·ç¥žè€è’‹","shi-zheng-rong-65","ä»¥è‰²åˆ—å’Œå·´å‹’æ–¯å¦è°æ˜¯æ­£ä¹‰ï¼Ÿ","https://www.zhihu.com/question/625575254","é‚£å¿…é¡»å·´å‹’æ–¯å¦æ˜¯æ­£ä¹‰çš„  æ—¥æœ¬ï¼Œç¾Žå›½ï¼Œæ¬§æ´²éƒ½é‚ªæ¶çš„ã€‚åªè¦å‘è¾¾çš„ï¼Œæœ‰é’±çš„ï¼Œéƒ½æ˜¯é‚ªæ¶çš„  æœé²œï¼Œé˜¿å¯Œæ±—ï¼Œä¼Šæœ—æ‰æ˜¯äººç±»çš„æœªæ¥ã€‚  ------------------------------åˆ†å‰²çº¿-----------------------------  çœ‹åˆ°å¤§å®¶è¿™ä¹ˆçƒ­æƒ…ï¼Œé‚£æˆ‘å†æ¥è¡¥å……ä¸€ç‚¹å§ã€‚  ä»…å ä¸–ç•Œäººå£0.2%çš„çŠ¹å¤ªäººï¼Œé¢†èµ°äº†23%çš„è¯ºè´å°”å¥–ã€‚  å·²é¢å‘çš„802é¡¹è¯ºè´å°”å¥–ä¸­ï¼Œ162ä¸ªå¥–é¡¹å±žäºŽçŠ¹å¤ªäººã€‚  çˆ±å› æ–¯å¦ï¼Œæ¯•åŠ ç´¢ï¼Œå“åˆ«æž—ï¼Œå¼—æ´›ä¼Šå¾·ï¼ŒèŽ«æ‰Žç‰¹ï¼ŒåŸºè¾›æ ¼ï¼Œé©¬å…‹æ€ï¼Œéƒ½æ˜¯çŠ¹å¤ªäººã€‚  è°·æ­Œï¼ŒMetaï¼ŒOpenAIï¼Œåˆ›å§‹äººéƒ½æ˜¯çŠ¹å¤ªäººã€‚  æ–°ä¸€è½®äººå·¥æ™ºèƒ½ä¹Ÿæ˜¯çŠ¹å¤ªäººåœ¨å¼•é¢†çš„ã€‚  åè€Œæ˜¯ä¼Šæ–¯å…°ä¸–ç•Œï¼Œè´¡çŒ®äº†ä¸–ç•Œä¸Š90%ä»¥ä¸Šçš„ææ€–è¢­å‡»ã€‚  å°±åƒæˆ‘è¯„è®ºåŒºçš„æŸäººè¯´ï¼Œå¼ºå³çœŸç†ã€‚  æ˜¯çš„ï¼Œæ‰€ä»¥æˆ‘åº†å¹¸ï¼ŒæŽŒæ¡çœŸç†çš„æ˜¯å¼ºå¤§çš„ä¸€æ–¹ã€‚ææ€–åˆ†å­æ˜¯å¼±çš„ä¸€æ–¹ã€‚  ä¸ç„¶ï¼Œè¿™ä¸ªä¸–ç•Œæ˜¯åœ°ç‹±å§!","2023-10-20 16:14","https://www.zhihu.com/question/625575254/answer/3253261352"
"ç¡•é¼ ","shuo-shu-44-10","å·´ä»¥å†²çªï¼Œä¸ºä»€ä¹ˆå¤§å¤šæ•°äººæ”¯æŒå·´å‹’æ–¯å¦?","https://www.zhihu.com/question/459470265","è·Ÿä»¥è‰²åˆ—çš„è´¸æ˜“å¾€æ¥ï¼Œä»¥åŠå­¦æœ¯äº¤æµï¼Œéƒ½æ˜¯æœ‰åæœ‰å§“çš„ã€‚å“ªä½è·Ÿå·´å‹’æ–¯å¦æœ‰å®žè´¨æ€§çš„äº¤æµï¼Œè¯·ç«™å‡ºæ¥ï¼Ÿ","2023-01-04 17:17","https://www.zhihu.com/question/459470265/answer/2829513426"
"æ¡ƒèŠ±çŸ³","tao-hua-shi-45","ä¸ºä½•ä»¥è‰²åˆ—æ— æ³•å®¹å¿å·´å‹’æ–¯å¦å»ºå›½ï¼Ÿ","https://www.zhihu.com/question/327003589","é—®åäº†å§ï¼Œæ­£ç¡®çš„é—®é¢˜æ˜¯â€œä¸ºä»€ä¹ˆé˜¿æ‹‰ä¼¯å›½å®¶æ— æ³•å®¹å¿ä»¥è‰²åˆ—å»ºå›½ï¼Ÿâ€  è”åˆå›½å‡ æ¬¡æå‡ºå·´ä»¥å…±å­˜çš„æ–¹æ¡ˆï¼Œä»¥è‰²åˆ—éƒ½æŽ¥å—äº†ï¼Œæ˜¯é˜¿æ‹‰ä¼¯å›½å®¶ä¸æŽ¥å—ã€‚ä»¥è‰²åˆ—æå‡ºè®©å·´å‹’æ–¯å¦å»ºå›½çš„æ–¹æ¡ˆï¼Œé˜¿æ‹‰ä¼¯å›½å®¶ä¹Ÿä¸æŽ¥å—ã€‚é˜¿æ‹‰ä¼¯å›½å®¶ä¸ä¸Žä»¥è‰²åˆ—å’Œå¹³å…±å¤„ï¼Œä¸æ‰¿è®¤ä»¥è‰²åˆ—ï¼Œä¸ä¸Žä»¥è‰²åˆ—è°ˆåˆ¤â€¦â€¦è¿™éƒ½æ€ªä»¥è‰²åˆ—ï¼Ÿ","2019-06-28 20:44","https://www.zhihu.com/question/327003589/answer/731202591"
"è¾½æ²ˆç²¾ç¥žåº·å¤ä¸­å¿ƒ","timruning","å·´ä»¥å†²çªï¼Œä¸ºä»€ä¹ˆå¤§å¤šæ•°äººæ”¯æŒå·´å‹’æ–¯å¦?","https://www.zhihu.com/question/459470265","è¿™ç§æ‘†æ‹è§†é¢‘å°±èƒ½å†³å®šä½ çš„ä»·å€¼å€¾å‘ðŸ˜‚ / å·¦ä¸å·¦å³æˆ‘ï¼Œæˆ‘åªçœ‹äº‹å®žã€‚äº‹å®žå°±æ˜¯å“ˆé©¬æ–¯åœ¨ä¸æ–­ç‰ºç‰²å·´å‹’æ–¯å¦äººæ°‘çš„ç”Ÿå‘½è¾¾æˆä»–çš„zzç›®çš„ã€‚ ä¸€ä¸ªåªèƒ½æ”»å‡»å¹³æ°‘ï¼Œç„¶åŽç¥ˆæ±‚è‡ªå·±å¹³æ°‘ç”¨ç”Ÿå‘½åº‡æŠ¤çš„æ­¦è£…ç»„ç»‡ã€‚ / ä½ ç»Ÿè®¡äº†ï¼Ÿ / åœ°å›¾åªèƒ½è¯´æ˜Žä»¥è‰²åˆ—æ¶ˆç­çš„æ•Œå¯¹æ­¦è£…æ¯”å“ˆé©¬æ–¯å¤šã€‚ä¸èƒ½è¯´æ˜Žè°æ€æ­»çš„å¹³æ°‘å¤šã€‚ / ä½ è®¤ä¸ºæˆ‘åå‘ä»¥è‰²åˆ—çš„è§‚ç‚¹èµ°å“ªé‡Œæ¥çš„ï¼Ÿ / ä½ é—®é¢˜çš„å‰è®¾æ¡ä»¶å°±æ— ä»Žè°ˆèµ·ï¼Œæˆ‘æ€Žä¹ˆç›´æŽ¥å›žç­”ï¼Ÿ","2021-05-24","https://www.zhihu.com/question/459470265/answer/1899079678"
"ä¸€å‰‘ç©¿å¿ƒ2000","usebus","å·´ä»¥å†²çªï¼Œä¸ºä»€ä¹ˆå¤§å¤šæ•°äººæ”¯æŒå·´å‹’æ–¯å¦?","https://www.zhihu.com/question/459470265","ä¸Šå¸è§†è§’æ¥çœ‹ï¼Œä»¥è‰²åˆ—èµ¢å¯ä»¥ç²¾ç®€å†—ä½™æœºæž„ï¼Œæç‰©ç§å¹³å‡è´¨é‡","2021-05-19","https://www.zhihu.com/question/459470265/answer/1892990685"
"çŸ¥ä¹ŽèŠäººç”Ÿ","wjf7478","ç®€å•ç‚¹ï¼šä½ æ”¯æŒä»¥è‰²åˆ—è¿˜æ˜¯å·´å‹’æ–¯å¦ï¼Ÿ","https://www.zhihu.com/question/626411350","å‡¡æ˜¯å¯¹ä¸­å›½å¸®åŠ©å¤šçš„å›½å®¶å’Œä¸ªäººï¼Œæˆ‘å°±åº”è¯¥æ”¯æŒï¼Œåä¹‹äº¦ç„¶ï¼Œå‡¡æ˜¯å¼ºå å¼ºæŠ¢ä¸­å›½çš„ï¼Œæˆ‘å°±åå¯¹ï¼Œå…¶ä»–å›½å®¶ï¼Œå½“ä¸€èˆ¬å…³ç³»ç›¸å¤„å§ã€‚  å›žåˆ°ä½ è¯´çš„é—®é¢˜ï¼Œæˆ‘ä»£è¡¨è‡ªå·±å’Œéƒ¨åˆ†å›½äººï¼Œæ”¯æŒå¸®åŠ©ä¸­å›½çš„ä»¥è‰²åˆ—ç”¨é€‚å½“ä¸è¿‡åˆ†çš„è¡Œä¸ºä¿å«å›½å®¶å’Œäººæ°‘ã€‚","2023-10-17 13:16","https://www.zhihu.com/question/626411350/answer/3253217723"
"é›ªå±±ä¹‹å·…","xue-shan-zhi-dian-69-46","ä¸€å¥è¯ï¼Œä»¥è‰²åˆ—æ˜¯ä¸æ˜¯ä¾µç•¥ï¼Ÿ","https://www.zhihu.com/question/625438724","ä¸æ˜¯å“ˆé©¬æ–¯ç«ç®­å¼¹è½°ç‚¸ä»¥è‰²åˆ—å—ï¼Ÿä»¥è‰²åˆ—å± æ€è°ï¼Ÿç”¨è‚‰ä½“å± æ€å“ˆé©¬æ–¯çš„ç«ç®­å¼¹æ˜¯å§ï¼Ÿ / ä¸è”åˆå›½åˆ’çš„ä¹ˆï¼Ÿè”åˆå›½å± æ€å‡ºæ¥çš„ï¼Ÿ / è”åˆå›½åˆ’çš„åœ°å·´å‹’æ–¯å¦ä¸åŒæ„ï¼Œçº é›†å‘¨è¾¹ä¸€å †é˜¿æ‹‰ä¼¯å›½å®¶ç”¨å†›äº‹æ‰‹æ®µè¦æŠŠäººå®¶ç­äº†ï¼Œå·´å‹’æ–¯å¦æ—¢ä¸å°Šé‡è”åˆå›½çš„åˆ’ç•Œï¼Œä¹Ÿæ²¡æŠŠä»¥è‰²åˆ—æ”¾åœ¨çœ¼é‡Œã€‚çŽ°åœ¨æ‰“ä¸è¿‡è¢«ä»¥è‰²åˆ—åæŽ¨ï¼Œæƒ³èµ·æ¥æ‹¿å‡ºè”åˆå›½åˆ’ç•ŒæŽ§è¯‰ä»¥è‰²åˆ—ä¾µç•¥ï¼Ÿ[æƒŠå–œ]æ— è€» / å“ˆé©¬æ–¯æ˜ŽçŸ¥ä»¥è‰²åˆ—ä¼šæŠ¥å¤è¿˜è¦è¿™ä¹ˆåšï¼Œä¸ºä»€ä¹ˆä¸çŸ¥é“ï¼Œä½†æœ‰ä¸€ç‚¹å¯ä»¥ç¡®å®šï¼Œå°±æ˜¯å“ˆé©¬æ–¯æ²¡æŠŠæ™®é€šå·´å‹’æ–¯å¦äººçš„äººå‘½æ”¾åœ¨çœ¼é‡Œ / é‚£ä½ çš„æ„æ€æ˜¯ä»¥è‰²åˆ—è¯·å“ˆé©¬æ–¯ç”¨ç«ç®­å¼¹æ‰“è‡ªå·±ï¼Ÿä¹Ÿæ²¡é—®é¢˜ï¼Œæ— è®ºå¦‚ä½•ï¼Œå“ˆé©¬æ–¯ä¸æ˜¯ä¸œè¥¿ / ä¸åå¯¹åæŠ—ï¼Œè°åå¯¹åæŠ—äº†ï¼ŸçŽ°åœ¨åæŠ—çš„éš¾é“ä¸æ˜¯ä»¥è‰²åˆ—å—ï¼Ÿã€‚","2023-10-14","https://www.zhihu.com/question/625438724/answer/3244268221"
"ä½†ä¸ºå›æ•…","yi-bai-sheng-xue","å·´ä»¥å†²çªï¼Œä¸ºä»€ä¹ˆå¤§å¤šæ•°äººæ”¯æŒå·´å‹’æ–¯å¦?","https://www.zhihu.com/question/459470265","å¹´è½»çš„æ—¶å€™æ”¯æŒå·´å‹’æ–¯å¦ï¼Œå› ä¸ºé‚£æ—¶å€™ä»¥ä¸ºè‡ªå·±çœ‹åˆ°çš„æŠ¥é“éƒ½æ˜¯ç«™åœ¨å…¬æ­£çš„ç«‹åœºã€‚å½“çŸ¥é“äº†ä¸¤ä¸ªå›½å®¶æ›´å¤šçš„åŽ†å²ï¼Œæ¯«æ— ç–‘é—®åº”è¯¥æ”¯æŒä»¥è‰²åˆ—ã€‚","2023-10-08","https://www.zhihu.com/question/459470265/answer/1897224131"
"é±¼ä¼šé£ž","yu-hui-fei-46","ä»¥é˜²é•¿ç§°æ­£å¯¹åŠ æ²™å‘èµ·å…¨é¢è¿›æ”»ï¼Œã€ŒåŠ æ²™æ°¸è¿œä¸ä¼šå›žåˆ°åŽŸæ¥çš„æ ·å­ã€ï¼Œå¦‚ä½•çœ‹å¾…è¿™ä¸€è¨€è®ºï¼Ÿå·´ä»¥åŒæ–¹å°†é¢ä¸´ä»€ä¹ˆï¼Ÿ","https://www.zhihu.com/question/625613689","æ•´ä¸ªåŠ æ²™éƒ½æ˜¯ä»¥è‰²åˆ—ä»ŽåŸƒåŠçš„å†›äº‹å é¢†ä¸‹æ”¶å¤ä¹‹åŽå†è¿˜ç»™å·´å‹’æ–¯å¦çš„[é£™æ³ªç¬‘] / è°æ˜¯â€œä¾µç•¥è€…â€ï¼Ÿï¼Ÿï¼Ÿ  å·´å‹’æ–¯å¦é˜¿æ‹‰ä¼¯äººå…ˆåŠ¨æ‰‹å…¥ä¾µä»¥è‰²åˆ—ï¼Œå¦¥å¦¥çš„â€œä¾µç•¥è€…â€  ç»“æžœåŠ æ²™è¢«åŸƒåŠå†›äº‹å é¢†ï¼Œçº¦æ—¦æ²³è¥¿å²¸è¢«çº¦æ—¦åžå¹¶ï¼Œå·´å‹’æ–¯å¦ä¸€å—åœ°æ–¹éƒ½æ²¡æœ‰çš„æ—¶å€™ï¼Œæ˜¯ä»¥è‰²åˆ—ä¸è®¡å‰å«Œï¼Œå‘ä¹‰å…µ åœ¨çº¦æ—¦å®£å¸ƒåžå¹¶çº¦æ—¦æ²³è¥¿å²¸ä¹‹åŽï¼Œå‡»è´¥çº¦æ—¦ï¼Œä»Žçº¦æ—¦æ‰‹é‡ŒèŽ·å¾—äº†çº¦æ—¦æ²³è¥¿å²¸ï¼ŒåŒæ—¶å‘ä¹‰å…µå‡»è´¥å†›äº‹å é¢†åŠ æ²™çš„åŸƒåŠï¼Œå¤ºå›žäº†åŠ æ²™ï¼Œå¹¶å°†åŠ æ²™å’Œçº¦æ—¦æ²³è¥¿å²¸ä¸€éƒ¨åˆ†è¿˜ç»™å·´å‹’æ–¯å¦ï¼Œä½†æ˜¯å·´å‹’æ–¯å¦è™½ç„¶è¢«åŸƒåŠæŠ¢äº†åŠ æ²™è¢«çº¦æ—¦æŠ¢äº†çº¦æ—¦æ²³è¥¿å²¸ï¼Œä»¥è‰²åˆ—å¥½å¿ƒå¸®å¿™æŠ¢äº†ä¸€éƒ¨åˆ†å›žæ¥è¿˜ç»™å·´å‹’æ–¯å¦ï¼Œå·´å‹’æ–¯å¦ä¸ä½†ä¸é¢†æƒ…ï¼Œè¿˜æŠŠå¸®å¿™æŠ¢å›žæ¥çš„å¥½å¿ƒäººå½“ä»‡äººå‘¢ã€‚ / åŠ æ²™è¢«åŸƒåŠå†›äº‹å é¢†ï¼Œçº¦æ—¦æ²³è¥¿å²¸è¢«çº¦æ—¦åžå¹¶ï¼Œå·´å‹’æ–¯å¦ä¸€å—åœ°æ–¹éƒ½æ²¡æœ‰çš„æ—¶å€™ï¼Œ  æ˜¯è°å‘å…µ åœ¨çº¦æ—¦å®£å¸ƒåžå¹¶çº¦æ—¦æ²³è¥¿å²¸ä¹‹åŽï¼Œå‡»è´¥çº¦æ—¦ï¼Œä»Žçº¦æ—¦æ‰‹é‡ŒèŽ·å¾—äº†çº¦æ—¦æ²³è¥¿å²¸ï¼Œåˆå‘å…µå‡»è´¥å†›äº‹å é¢†åŠ æ²™çš„åŸƒåŠï¼Œå¤ºå›žäº†åŠ æ²™ï¼ŒåŽæ¥åˆå°†åŠ æ²™å’Œçº¦æ—¦æ²³è¥¿å²¸ä¸€éƒ¨åˆ†è¿˜ç»™å·´å‹’æ–¯å¦å•Šï¼Ÿä½ è¯´è¯´å‘—ã€‚  ä½†æ˜¯å·´å‹’æ–¯å¦è™½ç„¶è¢«åŸƒåŠæŠ¢äº†åŠ æ²™è¢«çº¦æ—¦æŠ¢äº†çº¦æ—¦æ²³è¥¿å²¸ï¼Œä»¥è‰²åˆ—å¥½å¿ƒå¸®å¿™æŠ¢äº†ä¸€éƒ¨åˆ†å›žæ¥è¿˜ç»™å·´å‹’æ–¯å¦ï¼Œå·´å‹’æ–¯å¦ä¸ä½†ä¸é¢†æƒ…ï¼Œè¿˜æŠŠå¸®å¿™æŠŠåŠ æ²™å’Œçº¦æ—¦æ²³è¥¿å²¸æŠ¢å›žæ¥çš„å¥½å¿ƒäººå½“ä»‡äººå‘¢ã€‚ / åŠ æ²™è¢«åŸƒåŠå†›äº‹å é¢†ï¼Œçº¦æ—¦æ²³è¥¿å²¸è¢«çº¦æ—¦åžå¹¶ï¼Œå·´å‹’æ–¯å¦ä¸€å—åœ°æ–¹éƒ½æ²¡æœ‰çš„æ—¶å€™ï¼Œæ˜¯è°å‘å…µ åœ¨çº¦æ—¦å®£å¸ƒåžå¹¶çº¦æ—¦æ²³è¥¿å²¸ä¹‹åŽï¼Œå‡»è´¥çº¦æ—¦ï¼Œä»Žçº¦æ—¦æ‰‹é‡ŒèŽ·å¾—äº†çº¦æ—¦æ²³è¥¿å²¸ï¼Œåˆå‘å…µå‡»è´¥å†›äº‹å é¢†åŠ æ²™çš„åŸƒåŠï¼Œå¤ºå›žäº†åŠ æ²™ï¼ŒåŽæ¥åˆå°†åŠ æ²™å’Œçº¦æ—¦æ²³è¥¿å²¸ä¸€éƒ¨åˆ†è¿˜ç»™å·´å‹’æ–¯å¦å•Šï¼Ÿä½ è¯´è¯´å‘—ã€‚   ä½†æ˜¯å·´å‹’æ–¯å¦è™½ç„¶è¢«åŸƒåŠæŠ¢äº†åŠ æ²™è¢«çº¦æ—¦æŠ¢äº†çº¦æ—¦æ²³è¥¿å²¸ï¼Œä»¥è‰²åˆ—å¥½å¿ƒå¸®å¿™æŠ¢äº†ä¸€éƒ¨åˆ†å›žæ¥è¿˜ç»™å·´å‹’æ–¯å¦ï¼Œå·´å‹’æ–¯å¦ä¸ä½†ä¸é¢†æƒ…ï¼Œè¿˜æŠŠå¸®å¿™æŠŠåŠ æ²™å’Œçº¦æ—¦æ²³è¥¿å²¸æŠ¢å›žæ¥çš„å¥½å¿ƒäººå½“ä»‡äººå‘¢ã€‚ / è¯´èµ·æ¥è¿˜æ˜¯è‹è”åŠŸåŠ³å¤§ï¼Œå¦‚æžœä¸æ˜¯è‹è”ä»Žå›½å†…æ‹‰äº†å¥½å‡ ä¸‡ç»åŽ†è¿‡äºŒæˆ˜çš„çŠ¹å¤ªè£”è€å…µè¿‡åŽ»å‚æˆ˜ï¼Œè¿˜çœŸä¸ä¸€å®šã€‚ / å·´å‹’æ–¯å¦çš„åœ°ï¼Ÿ   è¿™å—åœ°æ–¹ï¼Œâ€œè‡ªå¤ä»¥æ¥â€ä»€ä¹ˆæ—¶å€™æ›¾ç»æ˜¯å·´å‹’æ–¯å¦é˜¿æ‹‰ä¼¯äººçš„ï¼Ÿ  181å†³è®®çš„æ—¶å€™æ˜¯è”åˆå›½å±žåœ°ï¼Œä¹‹å‰æ˜¯è‹±å›½ä½¬çš„å§”ä»»ç»Ÿæ²»åœ°ï¼Œè‹±å›½äººä¹‹å‰æ˜¯å¥¥æ–¯æ›¼çš„ï¼Œå¥¥æ–¯æ›¼ä¹‹å‰æ˜¯è¨æ‹‰ä¸åº“å°”å¾·äººçš„ï¼Œåº“å°”å¾·äººä¹‹å‰æ˜¯ç‹®å¿ƒæŸ¥ç†åå­—å†›çš„ï¼Œåå­—å†›ä¹‹å‰æ˜¯å¡žå°”æŸ±çš„ï¼Œå¡žå°”æŸ±ä¹‹å‰æ˜¯ç™½è¡£å¤§é£Ÿçš„ï¼Œå¤§é£Ÿä¹‹å‰æ˜¯æ³¢æ–¯çš„ï¼Œæ³¢æ–¯ä¹‹å‰æ˜¯æ‹œå åº­çš„ï¼Œæ‹œå åº­ä¹‹å‰æ˜¯ç½—é©¬çš„ï¼Œç½—é©¬ä¹‹å‰æ˜¯çŠ¹å¤ªäººï¼ˆä»¥è‰²åˆ—ï¼‰çš„ã€‚   å·´å‹’æ–¯ä»–é‚£å—åœ°æ–¹çš„äº§æƒæ²¿é©å¾ˆæ˜Žç¡®ï¼Œå‡ ç™¾å¹´ä»¥æ¥ï¼Œå…ˆæ˜¯å±žäºŽå¥¥æ–¯æ›¼ï¼Œå¥¥æ–¯æ›¼ä¸€æˆ˜æˆ˜è´¥ï¼ŒæŠŠå·´å‹’æ–¯å¦äº¤ç»™äº†è‹±å›½ï¼Œè‹±å›½å› ä¸ºä¸€æˆ˜æ—¶é˜¿æ‹‰ä¼¯äººçš„è´¡çŒ®ï¼ŒæŠŠå·´å‹’æ–¯å¦çš„ä¸€éƒ¨åˆ†æ‹¿å‡ºæ¥ç»™é˜¿æ‹‰ä¼¯äººå»ºç«‹äº†ç‹¬ç«‹çš„é˜¿æ‹‰ä¼¯å›½å®¶---å¤–çº¦æ—¦ï¼Œå‰©ä¸‹çš„ä¸€éƒ¨åˆ†è‹±å›½ä½¬å†³å®šåœ¨1948å¹´åˆ†ç»™çŠ¹å¤ªäººå’Œé˜¿æ‹‰ä¼¯äººå„ä¸€éƒ¨åˆ†ã€‚  å¦‚æžœå·´å‹’æ–¯å¦çš„é˜¿æ‹‰ä¼¯äººæ•¢äºŽåœ¨å¥¥æ–¯æ›¼æ—¶æœŸæˆ–è€…è‹±å›½æ²»ä¸‹ï¼Œå¥‹èµ·åæŠ—ï¼Œäº‰å–åˆ°äº†æ°‘æ—ä¸»æƒç‹¬ç«‹ï¼Œé‚£ä¹ˆä»–ä»¬å¯ä»¥æ‹¥æœ‰é‚£å—åœŸåœ°çš„äº§æƒï¼Œå¯æƒœé˜¿æ‹‰ä¼¯äººé¢å¯¹å¥¥æ–¯æ›¼çš„é©¬åˆ€å’Œå¤§ä¸åˆ—é¢ çš„æˆ˜è½¦ï¼Œåœ¨å¥¥æ–¯æ›¼æ—¶æœŸè‡ªç§°å¥¥æ–¯æ›¼çš„è‡£ä»†ï¼Œåœ¨è‹±å¸å›½æ—¶æœŸç”˜å½“é¡ºæ°‘ï¼Œä¹Ÿå°±æ˜¯è¯´ï¼Œå·´å‹’æ–¯å¦çš„é˜¿æ‹‰ä¼¯äººå‡ ç™¾å¹´æ¥ä»Žæ¥ä¸æ›¾èŽ·å¾—é‚£å—åœŸåœ°çš„äº§æƒï¼Œé¡¶å¤šç®—æ˜¯ä¸ªä½ƒæˆ·æˆ–è€…ç§Ÿæˆ·ã€‚ä¸šä¸»å†³å®šè½¬è®©äº§æƒï¼Œè¿˜å¿…é¡»å¾—ç™½é€ç»™ä½ƒæˆ·æˆ–è€…ç§Ÿæˆ·ï¼Ÿ  å…ˆæ–½æš´çš„ä¸€æ–¹ï¼Œè‡ªå·±åŽæ¥æ‰“è¾“äº†ï¼Œå°±èƒ½è‡ªåŠ¨è½¬æ¢èº«ä»½æ‘‡èº«ä¸€å˜æˆä¸ºâ€œå—å®³è€…â€ä¹ˆï¼Ÿï¼Ÿï¼Ÿ  é˜¿æ‹‰ä¼¯äººå¯ä»¥é€‰æ‹©æŒ‘èµ·æˆ˜äº‰çš„æ—¶é—´å’Œåœ°ç‚¹  ä»¥è‰²åˆ—äººæœ‰æƒé€‰æ‹©ç»“æŸæˆ˜äº‰çš„æ—¶é—´å’Œåœ°ç‚¹  æœ‰ä»€ä¹ˆé—®é¢˜ï¼Ÿ","2023-10-11","https://www.zhihu.com/question/625613689/answer/3245587025"
"å¤šæƒ…åº”ç¬‘","yu-yuan-jie-94","ä»¥å·´å†²çªï¼Œä¸ºä½•è¿™æ¬¡æˆ‘å›½æ²¡æ’¤ä¾¨å‘¢ï¼Ÿ","https://www.zhihu.com/question/626395695","ä»¥è‰²åˆ—åšä¸åšå¾—å‡ºæ¥æˆ‘ä¸çŸ¥é“ï¼Œä½†æˆ‘çŸ¥é“å“ˆé©¬æ–¯çŽ°åœ¨å°±æ‰£äº†å‡ ç™¾ä¸ªï¼ŒåŒ…æ‹¬ç¬¬ä¸‰å›½çš„äºº[å°´å°¬] / çœ‹çœ‹æ–°é—»ï¼Œå°åŒå¿— / å…³é”®è¯ å“ˆé©¬æ–¯ å¨èƒ æ€æ­»äººè´¨ã€‚  ä¸€æœä¸€å¤§å †[å°´å°¬]  ä½ ä¸åŠ¨æ‰‹åªåŠ¨å˜´å¾ˆéš¾åŠžäº‹å•Š / é‚£ä¹ˆåˆ°åº•å“ˆé©¬æ–¯æœ‰æ²¡æœ‰æ‰£äººè´¨å‘€[æƒŠå–œ] / éšæ‰‹ä¸€æœçš„äº‹ã€‚  æœå®Œè®°å¾—å›žæ¥å±ä¸€å£° / ä½ çš„å›žå¤è¢«åˆ äº†ã€‚  ä½†å‡¡ä½ åŽ»æœäº†ä¸€ä¸‹ï¼Œä¹ŸçŸ¥é“å…¶å®žæ˜¯â€œä½ ä¸çŸ¥â€","2023-10-18 23","https://www.zhihu.com/question/626395695/answer/3252491287"
"åœ†åœˆåŒªå¾’","yuan-quan-fei-tu-86","ç®€å•ç‚¹ï¼šä½ æ”¯æŒä»¥è‰²åˆ—è¿˜æ˜¯å·´å‹’æ–¯å¦ï¼Ÿ","https://www.zhihu.com/question/626411350","ä»¥è‰²åˆ— å½“ç„¶æ”¯æŒä»¥è‰²åˆ—  è¦æœ‰å¤šææ€– æ‰ä¼šæ”¯æŒææ€–åˆ†å­  æ°¸è¿œç«™åœ¨æ–‡æ˜Žè¿™è¾¹","2023-10-21 23:16","https://www.zhihu.com/question/626411350/answer/3259241237"
"ä¹”æœ¨","zhong-zai-xian-hu","ä»¥è‰²åˆ—å’Œå·´å‹’æ–¯å¦è°æ˜¯æ­£ä¹‰ï¼Ÿ","https://www.zhihu.com/question/625575254","æ— è®ºæ˜¯æ³•ç†ä¸Šï¼Œè¿˜æ˜¯åŽ†å²æ¸Šæºï¼Œè¿˜æ˜¯æŒ‰ä¸­å›½äººå¸¸è¯´çš„â€œè‡ªå¤å°±æ˜¯â€¦â€¦é¢†åœŸã€‚ä»¥è‰²åˆ—äººéƒ½æ˜¯å·´å‹’æ–¯å¦åœ°åŒºå½“ä¹‹æ— æ„§çš„çš„ä¸»äººã€‚  ç¿»å¼€åŽ†å²ï¼ŒçŠ¹å¤ªäººå…¬å…ƒå‰13ä¸–çºªå°±æ¥åˆ°è¿™ç‰‡ä¸Šå¸çš„â€œåº”è®¸ä¹‹åœ°â€è¿¦å—ç”Ÿæ´»ï¼Œè¶…è¿‡1400å¹´ã€‚ä½œä¸ºä¸Šå¸çš„é€‰æ°‘ï¼Œå·´å‹’æ–¯å¦ä¹Ÿæˆä¸ºçŠ¹å¤ªäººçš„åœ£åœ°ã€‚  è€Œé˜¿æ‹‰ä¼¯äººæ˜¯åœ¨å…¬å…ƒä¸ƒä¸–çºªå¼€å§‹æ¶Œå…¥å·´å‹’æ–¯å¦åœ°åŒºçš„ï¼Œå¹¶å’Œå½“åœ°äººèžåˆå½¢æˆäº†å·´å‹’æ–¯å¦äººã€‚å› æ­¤çŠ¹å¤ªäººçš„å±…ä½åŽ†å²è¦æ¯”å·´å‹’æ–¯å¦äººæ—©äº†ä¸¤åƒå¹´ã€‚  å·´å‹’æ–¯å¦è¿‡åŽ»ä¸€ç›´åªæ˜¯ä¸ªåœ°ç†æ¦‚å¿µ ï¼Œè¿™ä¸ªåœ°åŒºæ²¡æœ‰å›½å®¶çš„å»ºç«‹ã€‚  ç›´åˆ°1947å¹´ï¼Œè”åˆå›½è¦åœ¨å·´å‹’æ–¯å¦åœ°åŒºå»ºç«‹ä¸€ä¸ªå·´å‹’æ–¯å¦å›½å’Œä¸€ä¸ªä»¥è‰²åˆ—å›½ã€‚ä»¥è‰²åˆ—å›½ä¾æ®è”åˆå›½å·´ä»¥åˆ†æ²»åè®®äºŽæ¬¡å¹´1948å¹´æ­£å¼æˆç«‹ã€‚è€Œå·´å‹’æ–¯å¦ä¸€ç›´å¿™ç€æ­¦è£…æ–—äº‰è¿Ÿè¿Ÿæ²¡æœ‰å»ºå›½ï¼Œä¸€ç›´è€—åˆ°1988æ‰æˆç«‹äº†å·´å‹’æ–¯å¦å›½ã€‚  å·´å‹’æ–¯å¦è¿Ÿè¿Ÿä¸å»ºå›½åŽŸå› å°±æ˜¯é˜¿æ‹‰ä¼¯äººä¸€ç›´æ‹’ç»æœä»Žè”åˆå›½çš„åˆ†æ²»å†³è®®ï¼Œä¸€å¿ƒæƒ³èµ¶èµ°ä»¥è‰²åˆ—ç‹¬å å·´å‹’æ–¯å¦è¿™å—åœ°åŒºã€‚æ­¤åŽçº é›†22ä¸ªé˜¿æ‹‰ä¼¯å›½å®¶ï¼Œå‘èµ·äº”æ¬¡ä¸­ä¸œæˆ˜äº‰ï¼Œæƒ³æŠŠä»¥è‰²åˆ—äººèµ¶ä¸‹æµ·ã€‚æ— å¥ˆé˜¿æ‹‰ä¼¯äººèƒ½åŠ›ï¼Œæ™ºåŠ›ï¼Œå®žåŠ›éƒ½ä¸åœ¨çº¿ï¼Œæœ€åŽè¢«ä»¥è‰²åˆ—å›¢ç­ã€‚é˜¿æ‹‰ä¼¯äººæ¯æ‰“ä¸€æ¬¡ä»—åœ°ç›˜å°±å°‘ä¸€å—ï¼Œå¯è°“æ˜¯å·é¸¡ä¸æˆèš€æŠŠç±³ã€‚è™½å±¡æˆ˜å±¡è´¥ï¼Œä½†é˜¿æ‹‰ä¼¯äººç—´å¿ƒä¸æ”¹ã€‚  å·´è§£ç»„ç»‡æ³•å¡”èµ«åŽæ¥çœ‹æ˜Žç™½äº†ï¼Œå’Œä»¥è‰²åˆ—å«æ¿æ— å¼‚äºŽé¸¡è›‹ç¢°çŸ³å¤´ã€‚ä¸Žå…¶è¶Šæ‰“è¶Šç©·ï¼Œé¢†åœŸè¶Šæ‰“è¶Šå°‘ï¼Œä¸å¦‚æ‰¿è®¤ä»¥è‰²åˆ—ï¼Œå’Œå¹³ç›¸å¤„è¿‡å®‰ç”Ÿæ—¥å­ã€‚  ä½†å“ˆé©¬æ–¯ç­‰æ¿€è¿›ç»„ç»‡ä¸å¹²ã€‚ä»–ä»¬åšå®šçš„ç›¸ä¿¡ä¸»å’Œä»–ä»¬ç«™åœ¨ä¸€èµ·ï¼Œæœ‰çœŸä¸»çš„åŠ æŒè¶³ä»¥å¯¹æŠ—ä»¥è‰²åˆ—çš„é£žæœºå¤§è·‘ã€‚åªè¦åšæŒä¸æ–­çš„æŠµæŠ—ï¼Œèµ¶èµ°ä»¥è‰²åˆ—åªæ˜¯æ—¶é—´é—®é¢˜ã€‚åŠ ä¸ŠèƒŒåŽæœ‰ä¼Šæœ—çš„èµ„é‡‘æ”¯æŒï¼Œæ¿€è¿›ç»„ç»‡ç»å¸¸æžå‡ºææ€–è¢­å‡»äº‹ä»¶å¸å¼•ä¸–ç•Œçš„çœ¼çƒï¼Œå¹¶åšå¾—ä¸€äº›å’Œå“ˆé©¬æ–¯åŒç­‰æ™ºå•†çš„äºŒæ¯”é’å¹´çš„æ”¯æŒã€‚  ç»¼ä¸Šæ‰€è¿°ï¼Œä½ è¿˜è®¤ä¸ºæ˜¯ä»¥è‰²åˆ—å é¢†å·´å‹’æ–¯å¦é¢†åœŸå—ï¼Ÿå·´å‹’æ–¯å¦äººçš„è‹¦éš¾æ˜¯ä»¥è‰²åˆ—äººé€ æˆçš„å—ï¼Ÿ  åˆ«ç®¡ä¸»æµåª’ä½“æ€Žä¹ˆå–·ï¼Œä½†å‡¡æ™ºå•†ä¸æ˜¯è´Ÿæ•°çš„äººéƒ½èƒ½åˆ†è¾¨å‡ºå·´å‹’æ–¯å¦å’Œä»¥è‰²åˆ—è°æ˜¯æ­£ä¹‰çš„ï¼","2023-10-22 15:16","https://www.zhihu.com/question/625575254/answer/3259831069"
